{"cameraMode":{"drawMode":0,"name":"Shaded","section":"Shading Mode"},"sceneLighting":true,"audioPlay":false,"sceneViewState":{"showFog":false,"showMaterialUpdate":false,"showSkybox":false,"showFlares":false,"showImageEffects":false,"showParticleSystems":false},"in2DMode":false,"pivot":{"x":-9.786418914794922,"y":-9.831722259521485,"z":0.09075546264648438},"rotation":{"x":-0.24778828024864198,"y":-0.18691878020763398,"z":0.04878697916865349,"w":-0.9493598937988281},"size":21.374982833862306,"orthographic":false}