{"cameraMode":{"drawMode":0,"name":"Shaded","section":"Shading Mode"},"sceneLighting":true,"audioPlay":false,"sceneViewState":{"showFog":false,"showMaterialUpdate":false,"showSkybox":false,"showFlares":false,"showImageEffects":false,"showParticleSystems":false},"in2DMode":false,"pivot":{"x":3.7221627235412599,"y":7.221565246582031,"z":2.5334243774414064},"rotation":{"x":0.18955595791339875,"y":-0.03209143877029419,"z":0.006199324037879705,"w":0.9813382625579834},"size":11.763338088989258,"orthographic":false}