{"cameraMode":{"drawMode":0,"name":"Shaded","section":"Shading Mode"},"sceneLighting":true,"audioPlay":false,"sceneViewState":{"showFog":false,"showMaterialUpdate":false,"showSkybox":false,"showFlares":false,"showImageEffects":false,"showParticleSystems":false},"in2DMode":false,"pivot":{"x":-9.478310585021973,"y":-5.575033664703369,"z":0.5563564300537109},"rotation":{"x":-0.23658618330955506,"y":0.14998234808444978,"z":-0.03699090704321861,"w":-0.9592534303665161},"size":63.34587860107422,"orthographic":false}