{"cameraMode":{"drawMode":0,"name":"Shaded","section":"Shading Mode"},"sceneLighting":true,"audioPlay":false,"sceneViewState":{"showFog":false,"showMaterialUpdate":false,"showSkybox":false,"showFlares":false,"showImageEffects":false,"showParticleSystems":false},"in2DMode":false,"pivot":{"x":30.912649154663087,"y":-48.14254379272461,"z":32.043548583984378},"rotation":{"x":0.3402501940727234,"y":0.46442922949790957,"z":-0.19927188754081727,"w":0.7929991483688355},"size":40.89980697631836,"orthographic":false}