{"cameraMode":{"drawMode":0,"name":"Shaded","section":"Shading Mode"},"sceneLighting":true,"audioPlay":false,"sceneViewState":{"showFog":true,"showMaterialUpdate":false,"showSkybox":true,"showFlares":true,"showImageEffects":true,"showParticleSystems":true},"in2DMode":false,"pivot":{"x":-83.85963439941406,"y":29.839908599853517,"z":1545.0899658203125},"rotation":{"x":-0.1701088398694992,"y":0.44752487540245058,"z":-0.0871400460600853,"w":-0.8736190795898438},"size":434.18548583984377,"orthographic":false}