{"cameraMode":{"drawMode":0,"name":"Shaded","section":"Shading Mode"},"sceneLighting":false,"audioPlay":false,"sceneViewState":{"showFog":true,"showMaterialUpdate":false,"showSkybox":false,"showFlares":true,"showImageEffects":true,"showParticleSystems":true},"in2DMode":false,"pivot":{"x":-11.539999961853028,"y":1.3755874633789063,"z":15.620000839233399},"rotation":{"x":-0.10439684242010117,"y":-0.11667624115943909,"z":0.012297659181058407,"w":-0.9876244068145752},"size":5.647130012512207,"orthographic":false}