{"cameraMode":{"drawMode":0,"name":"Shaded","section":"Shading Mode"},"sceneLighting":true,"audioPlay":false,"sceneViewState":{"showFog":true,"showMaterialUpdate":false,"showSkybox":true,"showFlares":true,"showImageEffects":true,"showParticleSystems":true},"in2DMode":false,"pivot":{"x":0.6962659358978272,"y":-2.6303601264953615,"z":17.917274475097658},"rotation":{"x":0.22486570477485658,"y":0.005841749254614115,"z":-0.0013481121277436615,"w":0.9743714332580566},"size":10.623453140258789,"orthographic":false}