{"cameraMode":{"drawMode":0,"name":"Shaded","section":"Shading Mode"},"sceneLighting":true,"audioPlay":false,"sceneViewState":{"showFog":true,"showMaterialUpdate":false,"showSkybox":true,"showFlares":true,"showImageEffects":true,"showParticleSystems":true},"in2DMode":false,"pivot":{"x":72.2354736328125,"y":-952.4512939453125,"z":-374.8843994140625},"rotation":{"x":0.13702712953090669,"y":0.8297159075737,"z":-0.48868998885154726,"w":0.2331630140542984},"size":1418.2906494140625,"orthographic":false}