{"cameraMode":{"drawMode":0,"name":"Shaded","section":"Shading Mode"},"sceneLighting":false,"audioPlay":false,"sceneViewState":{"showFog":true,"showMaterialUpdate":false,"showSkybox":false,"showFlares":true,"showImageEffects":true,"showParticleSystems":true},"in2DMode":false,"pivot":{"x":-313.08709716796877,"y":9.14204216003418,"z":-37.855716705322269},"rotation":{"x":-0.09380374103784561,"y":0.904526948928833,"z":-0.2638477683067322,"w":-0.3217061161994934},"size":40.70710372924805,"orthographic":false}