{"cameraMode":{"drawMode":0,"name":"Shaded","section":"Shading Mode"},"sceneLighting":true,"audioPlay":false,"sceneViewState":{"showFog":true,"showMaterialUpdate":false,"showSkybox":true,"showFlares":true,"showImageEffects":true,"showParticleSystems":true},"in2DMode":false,"pivot":{"x":1289.71240234375,"y":-328.47021484375,"z":391.10205078125},"rotation":{"x":0.3623278737068176,"y":-0.040571510791778567,"z":0.015866829082369806,"w":0.931114673614502},"size":557.320068359375,"orthographic":false}