{"cameraMode":{"drawMode":0,"name":"Shaded","section":"Shading Mode"},"sceneLighting":false,"audioPlay":false,"sceneViewState":{"showFog":true,"showMaterialUpdate":false,"showSkybox":false,"showFlares":true,"showImageEffects":true,"showParticleSystems":true},"in2DMode":false,"pivot":{"x":-11.539999961853028,"y":1.3755874633789063,"z":9.739999771118164},"rotation":{"x":-0.3323058485984802,"y":-0.3029049038887024,"z":0.11356440931558609,"w":-0.8860076069831848},"size":14.470569610595704,"orthographic":false}