{"cameraMode":{"drawMode":0,"name":"Shaded","section":"Shading Mode"},"sceneLighting":false,"audioPlay":false,"sceneViewState":{"showFog":true,"showMaterialUpdate":false,"showSkybox":false,"showFlares":true,"showImageEffects":true,"showParticleSystems":true},"in2DMode":false,"pivot":{"x":-2.209963798522949,"y":0.3669700622558594,"z":5.321834564208984},"rotation":{"x":0.22572976350784303,"y":-0.43389129638671877,"z":0.1132480725646019,"w":0.8648481965065002},"size":10.0,"orthographic":false}