{"cameraMode":{"drawMode":0,"name":"Shaded","section":"Shading Mode"},"sceneLighting":true,"audioPlay":false,"sceneViewState":{"showFog":true,"showMaterialUpdate":false,"showSkybox":true,"showFlares":true,"showImageEffects":true,"showParticleSystems":true},"in2DMode":false,"pivot":{"x":1425.0001220703125,"y":-32.79764938354492,"z":-181.00018310546876},"rotation":{"x":0.23968034982681275,"y":-0.6255172491073608,"z":0.21045616269111634,"w":0.7121580839157105},"size":252.98480224609376,"orthographic":false}