{"cameraMode":{"drawMode":0,"name":"Shaded","section":"Shading Mode"},"sceneLighting":true,"audioPlay":false,"sceneViewState":{"showFog":true,"showMaterialUpdate":true,"showSkybox":true,"showFlares":true,"showImageEffects":true,"showParticleSystems":true},"in2DMode":false,"pivot":{"x":209.9208984375,"y":331.0989685058594,"z":1000.4351196289063},"rotation":{"x":0.2555007040500641,"y":-0.5354530215263367,"z":0.17387627065181733,"w":0.7863331437110901},"size":425.353759765625,"orthographic":false}