{"cameraMode":{"drawMode":0,"name":"Shaded","section":"Shading Mode"},"sceneLighting":true,"audioPlay":false,"sceneViewState":{"showFog":true,"showMaterialUpdate":false,"showSkybox":true,"showFlares":true,"showImageEffects":true,"showParticleSystems":true},"in2DMode":false,"pivot":{"x":-4.513750076293945,"y":-28.86070442199707,"z":85.1685791015625},"rotation":{"x":0.2550947666168213,"y":-0.05073842406272888,"z":0.013406064361333847,"w":0.9654926061630249},"size":57.761268615722659,"orthographic":false}