{"cameraMode":{"drawMode":0,"name":"Shaded","section":"Shading Mode"},"sceneLighting":false,"audioPlay":false,"sceneViewState":{"showFog":true,"showMaterialUpdate":false,"showSkybox":false,"showFlares":true,"showImageEffects":true,"showParticleSystems":true},"in2DMode":false,"pivot":{"x":202.3228759765625,"y":256.43182373046877,"z":589.5830078125},"rotation":{"x":-0.006442622281610966,"y":0.5609121322631836,"z":-0.004415783565491438,"w":-0.8279188871383667},"size":7.708818435668945,"orthographic":false}