{"cameraMode":{"drawMode":0,"name":"Shaded","section":"Shading Mode"},"sceneLighting":true,"audioPlay":false,"sceneViewState":{"showFog":true,"showMaterialUpdate":false,"showSkybox":true,"showFlares":true,"showImageEffects":true,"showParticleSystems":true},"in2DMode":false,"pivot":{"x":-75.51620483398438,"y":-22.670150756835939,"z":221.01251220703126},"rotation":{"x":0.23199719190597535,"y":0.03792417049407959,"z":-0.009049602784216404,"w":0.9719448685646057},"size":265.6905822753906,"orthographic":false}