{"cameraMode":{"drawMode":0,"name":"Shaded","section":"Shading Mode"},"sceneLighting":false,"audioPlay":false,"sceneViewState":{"showFog":true,"showMaterialUpdate":false,"showSkybox":false,"showFlares":true,"showImageEffects":true,"showParticleSystems":true},"in2DMode":false,"pivot":{"x":-3.119999885559082,"y":2.2300009727478029,"z":285.5},"rotation":{"x":-0.18992067873477937,"y":0.7257764339447022,"z":-0.22118635475635529,"w":-0.6232211589813232},"size":43.32773208618164,"orthographic":false}