{"cameraMode":{"drawMode":0,"name":"Shaded","section":"Shading Mode"},"sceneLighting":false,"audioPlay":false,"sceneViewState":{"showFog":true,"showMaterialUpdate":false,"showSkybox":false,"showFlares":true,"showImageEffects":true,"showParticleSystems":true},"in2DMode":false,"pivot":{"x":-377.07843017578127,"y":13.999982833862305,"z":-28.000015258789064},"rotation":{"x":0.2537308633327484,"y":-0.6951875686645508,"z":0.29092511534690859,"w":0.6064229011535645},"size":69.16592407226563,"orthographic":false}